Brands,ID
Samsung,1
iPhone,2
Hoco,3
Kakusiga,4
Borofone,5
Silicone,6
DKG Shock,7
DKG Premium,8
DKG Design,9
Berlia,10
New Case,11
Space,12
Fashion,13
Crystal Palace,14
Casetify,15
Doyers,16
Mercury,17
Adannu,18
AG Glass,19
Better,20
Case,22
Magnetic,23
Simeitu,24
Yesido,25
Kalio,26
Earldom,27
IDM,28
Terranet,29
Sodetel,30
Cyberia,31
Connect,32
Mobi,33
Wise,34
Panasonic,35
PikCell,36
Blackview,37
Oscal,38
Nokia,39
Caisles,40
Kzood,41
KeepPhone,42
New I,43
Unnamed,44
DKG Cover,45
Piblue,46
9D Glass,47
Leather,48
Metal Frame,49
XO,50
Schwaiger,51
Meetion,52
Green Lion,53
Ace Fast,54
Glass Pro,55
Funshare,56
Lito,57
Watch,58
Apple,59
Chief Max,60
Whish System,61
Whish App,62
Loto,63
Terea,64
Blends,65
Fiit,66
Heets,67
Luminous,68
Privacy,69
Tempered,70
Terea,71
Delia,72
Copy,73
Streaming,74
Tranyo,75
Customized,76
Teclast,77
MELIYE,78
SONY,79
telzeal,80
JBL,81
Cufan,82
Dream,83
Porodo,84
unipha,85
MOXOM,86
Coblue,87
Eggshell,88
TPU,89
Crown,90
iPefet,91
Mletubl,92
N/A,93
OG Glass,94
Mtetubl,95
Alfa,96
HP,97
Clear Silicone,98
Stanley,99
Kingston,100
Odora,101
Foneng,102
OG Full Clue,103
IQOS,104
SamFire,105
Fashion Case,106
Clear Case Magnetic,107
Silicone Case,108
Mobile Case,109
Bonds,110
Iluma I,111
Iluma I One,112
Bavin,113
Unknown,114
Joyroom,115
Heybingo,116
